extId__c,Name,CreatedDate
0012100000qB0kqAAC,Dragonheart,2020-05-21T17:39:24.000+0000
0012100000qB15eAAC,Magic Dragon,2020-05-21T17:58:07.000+0000
0012100000qAzh3AAC,Roman Villa,2020-05-21T18:00:02.000+0000
0012100000qB0z5AAC,Old Norse,2020-05-21T17:53:19.000+0000
0012100000qB0z6AAC,Neverending Story,2020-05-21T17:54:33.000+0000
0012100000qB0z7AAC,Mulan,2020-05-21T17:57:26.000+0000
0012100000qB16eAAC,The Hobbit,2020-05-21T17:58:43.000+0000
0012100000qB0mZAAS,Pete's,2020-05-21T17:40:45.000+0000
0012100000qB11QAAS,The Swamp,2020-05-21T17:55:25.000+0000
